-- Auto-generated SQL script to setup schema and load data
-- Database: PostgreSQL (Docker)

-- ==========================================
-- 1. Schema Creation
-- ==========================================

drop table if exists invoice_line_item;
drop table if exists invoice;
drop table if exists product;
drop table if exists customer;
drop table if exists units;
drop table if exists country;

create table country (
  id bigint primary key generated by default as identity,
  created_at timestamp default now(),
  code text unique not null,
  name text not null
);

create table units (
  id bigint primary key generated by default as identity,
  created_at timestamp default now(),
  code text unique not null,
  name text not null
);

create table customer (
  id bigint primary key generated by default as identity,
  created_at timestamp default now(),
  code text unique not null,
  name text not null,
  address_line1 text,
  address_line2 text,
  country_id bigint references country(id),
  credit_limit numeric(12,2)
);

create table product (
  id bigint primary key generated by default as identity,
  created_at timestamp default now(),
  code text unique not null,
  name text not null,
  units_id bigint references units(id),
  unit_price numeric(12,2)
);

create table invoice (
  id bigint primary key generated by default as identity,
  created_at timestamp default now(),
  invoice_no text unique not null,
  invoice_date date,
  customer_id bigint references customer(id),
  total_amount numeric(12,2),
  vat numeric(12,2),
  amount_due numeric(12,2)
);

create table invoice_line_item (
  id bigint primary key generated by default as identity,
  created_at timestamp default now(),
  invoice_id bigint not null references invoice(id) on delete cascade,
  product_id bigint not null references product(id),
  quantity numeric(12,2),
  unit_price numeric(12,2),
  extended_price numeric(12,2),
  unique (invoice_id, product_id)
);

create index if not exists idx_invoice_date on invoice(invoice_date);
create index if not exists idx_line_invoice on invoice_line_item(invoice_id);
create index if not exists idx_line_product on invoice_line_item(product_id);



-- ==========================================
-- 2. Data Insertion
-- ==========================================

-- Populating table: country
INSERT INTO country (id, created_at, code, name) VALUES (1, '2026-01-12 17:19:44.412559+00', 'TH', 'Thailand');
INSERT INTO country (id, created_at, code, name) VALUES (3, '2026-01-12 17:20:38.972804+00', 'SG', 'Singapore');
INSERT INTO country (id, created_at, code, name) VALUES (5, '2026-01-12 17:48:45.61784+00', 'US', 'United States of America');

-- Populating table: units
INSERT INTO units (id, created_at, code, name) VALUES (1, '2026-01-12 17:50:21.26564+00', 'PCS', 'Pieces');
INSERT INTO units (id, created_at, code, name) VALUES (2, '2026-01-12 17:50:41.131446+00', 'MTS', 'Meters');
INSERT INTO units (id, created_at, code, name) VALUES (3, '2026-01-12 17:50:54.343991+00', 'KGS', 'Kilograms');
INSERT INTO units (id, created_at, code, name) VALUES (4, '2026-01-12 17:51:13.911009+00', 'PKT', 'Packets');

-- Populating table: customer
INSERT INTO customer (id, created_at, code, name, address_line1, address_line2, country_id, credit_limit) VALUES (3, '2026-01-26 09:28:00+00:00', 'C102', 'Siam Trading Co., Ltd.', '660 Rama IX Rd', 'Nonthaburi', 5, 1000000);
INSERT INTO customer (id, created_at, code, name, address_line1, address_line2, country_id, credit_limit) VALUES (4, '2026-01-26 09:29:00+00:00', 'C103', 'Chao Phraya Trading Co., Ltd.', '260 Phetchaburi Rd', 'Nonthaburi', 5, 500000);
INSERT INTO customer (id, created_at, code, name, address_line1, address_line2, country_id, credit_limit) VALUES (5, '2026-01-26 09:30:00+00:00', 'C104', 'Bangkok Trading Co., Ltd.', '286 Charan Sanitwong Rd', '-', 3, 100000);
INSERT INTO customer (id, created_at, code, name, address_line1, address_line2, country_id, credit_limit) VALUES (6, '2026-01-26 09:31:00+00:00', 'C105', 'Ayutthaya Trading Co., Ltd.', '342 Ratchadaphisek Rd', 'Bangkok', 5, 100000);
INSERT INTO customer (id, created_at, code, name, address_line1, address_line2, country_id, credit_limit) VALUES (7, '2026-01-26 09:32:00+00:00', 'C106', 'Rama Trading Co., Ltd.', '834 Phahonyothin Rd', 'Pathum Thani', 1, 500000);
INSERT INTO customer (id, created_at, code, name, address_line1, address_line2, country_id, credit_limit) VALUES (8, '2026-01-26 09:33:00+00:00', 'C107', 'Thonburi Trading Co., Ltd.', '77 Lat Phrao Rd', 'Nonthaburi', 3, 1000000);
INSERT INTO customer (id, created_at, code, name, address_line1, address_line2, country_id, credit_limit) VALUES (9, '2026-01-26 09:34:00+00:00', 'C108', 'Krungthep Trading Co., Ltd.', '332 Bang Na-Trat Rd', 'Nonthaburi', 5, 500000);
INSERT INTO customer (id, created_at, code, name, address_line1, address_line2, country_id, credit_limit) VALUES (10, '2026-01-26 09:35:00+00:00', 'C109', 'Mekong Trading Co., Ltd.', '915 Vibhavadi Rangsit Rd', 'Samut Prakan', 3, 100000);

-- Populating table: product
INSERT INTO product (id, created_at, code, name, units_id, unit_price) VALUES (4, '2026-01-19 10:49:00+00:00', 'P200', 'Notebook A5', 1, 15.5);
INSERT INTO product (id, created_at, code, name, units_id, unit_price) VALUES (5, '2026-01-19 10:50:00+00:00', 'P201', 'Notebook A4', 2, 60.25);
INSERT INTO product (id, created_at, code, name, units_id, unit_price) VALUES (6, '2026-01-19 10:51:00+00:00', 'P202', 'Gel Pen Blue', 1, 25.75);
INSERT INTO product (id, created_at, code, name, units_id, unit_price) VALUES (7, '2026-01-19 10:52:00+00:00', 'P203', 'Gel Pen Black', 1, 15);
INSERT INTO product (id, created_at, code, name, units_id, unit_price) VALUES (8, '2026-01-19 10:53:00+00:00', 'P204', 'Highlighter Yellow', 2, 60);
INSERT INTO product (id, created_at, code, name, units_id, unit_price) VALUES (9, '2026-01-19 10:54:00+00:00', 'P205', 'Highlighter Pink', 2, 250.25);
INSERT INTO product (id, created_at, code, name, units_id, unit_price) VALUES (10, '2026-01-19 10:55:00+00:00', 'P206', 'Stapler Mini', 4, 75);
INSERT INTO product (id, created_at, code, name, units_id, unit_price) VALUES (11, '2026-01-19 10:56:00+00:00', 'P207', 'Staples Box', 2, 250.5);
INSERT INTO product (id, created_at, code, name, units_id, unit_price) VALUES (12, '2026-01-19 10:57:00+00:00', 'P208', 'Paper Clips', 3, 35.25);
INSERT INTO product (id, created_at, code, name, units_id, unit_price) VALUES (13, '2026-01-19 10:58:00+00:00', 'P209', 'Binder Clips', 3, 30);
INSERT INTO product (id, created_at, code, name, units_id, unit_price) VALUES (14, '2026-01-19 10:59:00+00:00', 'P210', 'USB Flash 32GB', 4, 30.5);
INSERT INTO product (id, created_at, code, name, units_id, unit_price) VALUES (15, '2026-01-19 11:00:00+00:00', 'P211', 'USB Flash 64GB', 3, 75);
INSERT INTO product (id, created_at, code, name, units_id, unit_price) VALUES (16, '2026-01-19 11:01:00+00:00', 'P212', 'Mouse Pad', 4, 30.75);
INSERT INTO product (id, created_at, code, name, units_id, unit_price) VALUES (17, '2026-01-19 11:02:00+00:00', 'P213', 'Wireless Mouse', 1, 90.5);
INSERT INTO product (id, created_at, code, name, units_id, unit_price) VALUES (18, '2026-01-19 11:03:00+00:00', 'P214', 'Keyboard Compact', 2, 25);
INSERT INTO product (id, created_at, code, name, units_id, unit_price) VALUES (19, '2026-01-19 11:04:00+00:00', 'P215', 'Desk Organizer', 2, 90);
INSERT INTO product (id, created_at, code, name, units_id, unit_price) VALUES (20, '2026-01-19 11:05:00+00:00', 'P216', 'Scissors', 2, 30.75);
INSERT INTO product (id, created_at, code, name, units_id, unit_price) VALUES (21, '2026-01-19 11:06:00+00:00', 'P217', 'Glue Stick', 3, 300.5);
INSERT INTO product (id, created_at, code, name, units_id, unit_price) VALUES (22, '2026-01-19 11:07:00+00:00', 'P218', 'Marker Set', 2, 150.5);
INSERT INTO product (id, created_at, code, name, units_id, unit_price) VALUES (23, '2026-01-19 11:08:00+00:00', 'P219', 'Eraser Pack', 2, 75);

-- Populating table: invoice
INSERT INTO invoice (id, created_at, invoice_no, invoice_date, customer_id, total_amount, vat, amount_due) VALUES (2, '2026-01-19 09:41:22.414284+00', 'INV-001', '1/19/2026', 1, 300, 21, 321);
INSERT INTO invoice (id, created_at, invoice_no, invoice_date, customer_id, total_amount, vat, amount_due) VALUES (3, '2026-02-09 06:48:00+00:00', 'INV-002', '1/3/2026', 3, 2027.5, 141.93, 2169.43);
INSERT INTO invoice (id, created_at, invoice_no, invoice_date, customer_id, total_amount, vat, amount_due) VALUES (4, '2026-02-09 06:49:00+00:00', 'INV-003', '12/25/2025', 6, 564.19, 39.49, 603.68);
INSERT INTO invoice (id, created_at, invoice_no, invoice_date, customer_id, total_amount, vat, amount_due) VALUES (5, '2026-02-09 06:50:00+00:00', 'INV-004', '11/30/2025', 7, 709, 49.63, 758.63);
INSERT INTO invoice (id, created_at, invoice_no, invoice_date, customer_id, total_amount, vat, amount_due) VALUES (6, '2026-02-09 06:51:00+00:00', 'INV-005', '12/16/2025', 5, 2299.13, 160.94, 2460.07);
INSERT INTO invoice (id, created_at, invoice_no, invoice_date, customer_id, total_amount, vat, amount_due) VALUES (7, '2026-02-09 06:52:00+00:00', 'INV-006', '11/25/2025', 5, 2723.06, 190.61, 2913.67);
INSERT INTO invoice (id, created_at, invoice_no, invoice_date, customer_id, total_amount, vat, amount_due) VALUES (8, '2026-02-09 06:53:00+00:00', 'INV-007', '1/16/2026', 4, 3160, 221.2, 3381.2);
INSERT INTO invoice (id, created_at, invoice_no, invoice_date, customer_id, total_amount, vat, amount_due) VALUES (9, '2026-02-09 06:54:00+00:00', 'INV-008', '1/6/2026', 9, 1659, 116.13, 1775.13);
INSERT INTO invoice (id, created_at, invoice_no, invoice_date, customer_id, total_amount, vat, amount_due) VALUES (10, '2026-02-09 06:55:00+00:00', 'INV-009', '12/13/2025', 4, 486, 34.02, 520.02);
INSERT INTO invoice (id, created_at, invoice_no, invoice_date, customer_id, total_amount, vat, amount_due) VALUES (11, '2026-02-09 06:56:00+00:00', 'INV-010', '1/2/2026', 8, 5107.5, 357.53, 5465.03);
INSERT INTO invoice (id, created_at, invoice_no, invoice_date, customer_id, total_amount, vat, amount_due) VALUES (12, '2026-02-09 06:57:00+00:00', 'INV-011', '1/4/2026', 8, 3375.38, 236.28, 3611.66);
INSERT INTO invoice (id, created_at, invoice_no, invoice_date, customer_id, total_amount, vat, amount_due) VALUES (13, '2026-02-09 06:58:00+00:00', 'INV-012', '12/9/2025', 2, 759.88, 53.19, 813.07);
INSERT INTO invoice (id, created_at, invoice_no, invoice_date, customer_id, total_amount, vat, amount_due) VALUES (14, '2026-02-09 06:59:00+00:00', 'INV-013', '12/22/2025', 3, 1315.25, 92.07, 1407.32);
INSERT INTO invoice (id, created_at, invoice_no, invoice_date, customer_id, total_amount, vat, amount_due) VALUES (15, '2026-02-09 07:00:00+00:00', 'INV-014', '12/16/2025', 1, 2754.5, 192.82, 2947.32);
INSERT INTO invoice (id, created_at, invoice_no, invoice_date, customer_id, total_amount, vat, amount_due) VALUES (16, '2026-02-09 07:01:00+00:00', 'INV-015', '11/23/2025', 1, 525.25, 36.77, 562.02);
INSERT INTO invoice (id, created_at, invoice_no, invoice_date, customer_id, total_amount, vat, amount_due) VALUES (17, '2026-02-09 07:02:00+00:00', 'INV-016', '1/1/2026', 7, 2275, 159.25, 2434.25);
INSERT INTO invoice (id, created_at, invoice_no, invoice_date, customer_id, total_amount, vat, amount_due) VALUES (18, '2026-02-09 07:03:00+00:00', 'INV-017', '12/18/2025', 9, 182, 12.74, 194.74);
INSERT INTO invoice (id, created_at, invoice_no, invoice_date, customer_id, total_amount, vat, amount_due) VALUES (19, '2026-02-09 07:04:00+00:00', 'INV-018', '12/7/2025', 4, 4272.88, 299.1, 4571.98);
INSERT INTO invoice (id, created_at, invoice_no, invoice_date, customer_id, total_amount, vat, amount_due) VALUES (20, '2026-02-09 07:05:00+00:00', 'INV-019', '12/30/2025', 5, 3158.5, 221.1, 3379.6);
INSERT INTO invoice (id, created_at, invoice_no, invoice_date, customer_id, total_amount, vat, amount_due) VALUES (21, '2026-02-09 07:06:00+00:00', 'INV-020', '12/21/2025', 6, 211.25, 14.79, 226.04);
INSERT INTO invoice (id, created_at, invoice_no, invoice_date, customer_id, total_amount, vat, amount_due) VALUES (22, '2026-02-09 07:07:00+00:00', 'INV-021', '12/18/2025', 5, 377.25, 26.41, 403.66);
INSERT INTO invoice (id, created_at, invoice_no, invoice_date, customer_id, total_amount, vat, amount_due) VALUES (23, '2026-02-09 07:08:00+00:00', 'INV-022', '12/16/2025', 5, 5115.57, 358.09, 5473.66);
INSERT INTO invoice (id, created_at, invoice_no, invoice_date, customer_id, total_amount, vat, amount_due) VALUES (24, '2026-02-09 07:09:00+00:00', 'INV-023', '1/6/2026', 6, 328.13, 22.97, 351.1);
INSERT INTO invoice (id, created_at, invoice_no, invoice_date, customer_id, total_amount, vat, amount_due) VALUES (25, '2026-02-09 07:10:00+00:00', 'INV-024', '11/27/2025', 5, 409.25, 28.65, 437.9);
INSERT INTO invoice (id, created_at, invoice_no, invoice_date, customer_id, total_amount, vat, amount_due) VALUES (26, '2026-02-09 07:11:00+00:00', 'INV-025', '12/15/2025', 7, 850.38, 59.53, 909.91);
INSERT INTO invoice (id, created_at, invoice_no, invoice_date, customer_id, total_amount, vat, amount_due) VALUES (27, '2026-02-09 07:12:00+00:00', 'INV-026', '11/30/2025', 1, 2432.25, 170.26, 2602.51);
INSERT INTO invoice (id, created_at, invoice_no, invoice_date, customer_id, total_amount, vat, amount_due) VALUES (28, '2026-02-09 07:13:00+00:00', 'INV-027', '11/25/2025', 3, 364.5, 25.52, 390.02);
INSERT INTO invoice (id, created_at, invoice_no, invoice_date, customer_id, total_amount, vat, amount_due) VALUES (29, '2026-02-09 07:14:00+00:00', 'INV-028', '12/24/2025', 4, 502.25, 35.16, 537.41);
INSERT INTO invoice (id, created_at, invoice_no, invoice_date, customer_id, total_amount, vat, amount_due) VALUES (30, '2026-02-09 07:15:00+00:00', 'INV-029', '11/30/2025', 4, 258.5, 18.1, 276.6);
INSERT INTO invoice (id, created_at, invoice_no, invoice_date, customer_id, total_amount, vat, amount_due) VALUES (31, '2026-02-09 07:16:00+00:00', 'INV-030', '1/2/2026', 6, 2079.76, 145.58, 2225.34);
INSERT INTO invoice (id, created_at, invoice_no, invoice_date, customer_id, total_amount, vat, amount_due) VALUES (32, '2026-02-09 07:17:00+00:00', 'INV-031', '11/30/2025', 6, 873, 61.11, 934.11);
INSERT INTO invoice (id, created_at, invoice_no, invoice_date, customer_id, total_amount, vat, amount_due) VALUES (33, '2026-02-09 07:18:00+00:00', 'INV-032', '12/17/2025', 9, 1959.75, 137.18, 2096.93);
INSERT INTO invoice (id, created_at, invoice_no, invoice_date, customer_id, total_amount, vat, amount_due) VALUES (34, '2026-02-09 07:19:00+00:00', 'INV-033', '12/8/2025', 7, 1226.81, 85.88, 1312.69);
INSERT INTO invoice (id, created_at, invoice_no, invoice_date, customer_id, total_amount, vat, amount_due) VALUES (35, '2026-02-09 07:20:00+00:00', 'INV-034', '12/31/2025', 7, 2512.5, 175.88, 2688.38);
INSERT INTO invoice (id, created_at, invoice_no, invoice_date, customer_id, total_amount, vat, amount_due) VALUES (36, '2026-02-09 07:21:00+00:00', 'INV-035', '12/20/2025', 3, 934.88, 65.44, 1000.32);
INSERT INTO invoice (id, created_at, invoice_no, invoice_date, customer_id, total_amount, vat, amount_due) VALUES (37, '2026-02-09 07:22:00+00:00', 'INV-036', '1/4/2026', 8, 932.75, 65.29, 998.04);
INSERT INTO invoice (id, created_at, invoice_no, invoice_date, customer_id, total_amount, vat, amount_due) VALUES (38, '2026-02-09 07:23:00+00:00', 'INV-037', '11/25/2025', 2, 3182.13, 222.75, 3404.88);
INSERT INTO invoice (id, created_at, invoice_no, invoice_date, customer_id, total_amount, vat, amount_due) VALUES (39, '2026-02-09 07:24:00+00:00', 'INV-038', '12/17/2025', 9, 2405.5, 168.39, 2573.89);
INSERT INTO invoice (id, created_at, invoice_no, invoice_date, customer_id, total_amount, vat, amount_due) VALUES (40, '2026-02-09 07:25:00+00:00', 'INV-039', '12/10/2025', 5, 1449.75, 101.48, 1551.23);
INSERT INTO invoice (id, created_at, invoice_no, invoice_date, customer_id, total_amount, vat, amount_due) VALUES (41, '2026-02-09 07:26:00+00:00', 'INV-040', '12/26/2025', 3, 4281.63, 299.71, 4581.34);
INSERT INTO invoice (id, created_at, invoice_no, invoice_date, customer_id, total_amount, vat, amount_due) VALUES (42, '2026-02-09 07:27:00+00:00', 'INV-041', '1/18/2026', 10, 1683.5, 117.85, 1801.35);
INSERT INTO invoice (id, created_at, invoice_no, invoice_date, customer_id, total_amount, vat, amount_due) VALUES (43, '2026-02-09 07:28:00+00:00', 'INV-042', '12/12/2025', 4, 3185.75, 223, 3408.75);
INSERT INTO invoice (id, created_at, invoice_no, invoice_date, customer_id, total_amount, vat, amount_due) VALUES (44, '2026-02-09 07:29:00+00:00', 'INV-043', '11/27/2025', 8, 3080, 215.6, 3295.6);
INSERT INTO invoice (id, created_at, invoice_no, invoice_date, customer_id, total_amount, vat, amount_due) VALUES (45, '2026-02-09 07:30:00+00:00', 'INV-044', '1/18/2026', 2, 2352.25, 164.66, 2516.91);
INSERT INTO invoice (id, created_at, invoice_no, invoice_date, customer_id, total_amount, vat, amount_due) VALUES (46, '2026-02-09 07:31:00+00:00', 'INV-045', '11/20/2025', 7, 957.25, 67.01, 1024.26);
INSERT INTO invoice (id, created_at, invoice_no, invoice_date, customer_id, total_amount, vat, amount_due) VALUES (47, '2026-02-09 07:32:00+00:00', 'INV-046', '12/9/2025', 1, 606.75, 42.47, 649.22);
INSERT INTO invoice (id, created_at, invoice_no, invoice_date, customer_id, total_amount, vat, amount_due) VALUES (48, '2026-02-09 07:33:00+00:00', 'INV-047', '1/12/2026', 10, 852.5, 59.68, 912.18);
INSERT INTO invoice (id, created_at, invoice_no, invoice_date, customer_id, total_amount, vat, amount_due) VALUES (49, '2026-02-09 07:34:00+00:00', 'INV-048', '12/3/2025', 2, 465, 32.55, 497.55);
INSERT INTO invoice (id, created_at, invoice_no, invoice_date, customer_id, total_amount, vat, amount_due) VALUES (50, '2026-02-09 07:35:00+00:00', 'INV-049', '12/26/2025', 7, 2085, 145.95, 2230.95);
INSERT INTO invoice (id, created_at, invoice_no, invoice_date, customer_id, total_amount, vat, amount_due) VALUES (51, '2026-02-09 07:36:00+00:00', 'INV-050', '12/28/2025', 9, 1141.75, 79.92, 1221.67);
INSERT INTO invoice (id, created_at, invoice_no, invoice_date, customer_id, total_amount, vat, amount_due) VALUES (52, '2026-02-09 07:37:00+00:00', 'INV-051', '12/27/2025', 8, 7750.25, 542.52, 8292.77);

-- Populating table: invoice_line_item
INSERT INTO invoice_line_item (id, created_at, invoice_id, product_id, quantity, unit_price, extended_price) VALUES (1, '2026-01-19 09:42:12.89978+00', 2, 1, 5.0, 20, 100);
INSERT INTO invoice_line_item (id, created_at, invoice_id, product_id, quantity, unit_price, extended_price) VALUES (2, '2026-01-19 09:42:53.637657+00', 2, 2, 10.0, 20, 200);
INSERT INTO invoice_line_item (id, created_at, invoice_id, product_id, quantity, unit_price, extended_price) VALUES (3, '2026-02-02 08:08:00+00:00', 3, 21, 5.0, 300.50, 1502.50);
INSERT INTO invoice_line_item (id, created_at, invoice_id, product_id, quantity, unit_price, extended_price) VALUES (4, '2026-02-02 08:09:00+00:00', 3, 23, 7.0, 75.00, 525.00);
INSERT INTO invoice_line_item (id, created_at, invoice_id, product_id, quantity, unit_price, extended_price) VALUES (5, '2026-02-02 08:10:00+00:00', 4, 8, 8.25, 60.00, 495.00);
INSERT INTO invoice_line_item (id, created_at, invoice_id, product_id, quantity, unit_price, extended_price) VALUES (6, '2026-02-02 08:11:00+00:00', 4, 20, 2.25, 30.75, 69.19);
INSERT INTO invoice_line_item (id, created_at, invoice_id, product_id, quantity, unit_price, extended_price) VALUES (7, '2026-02-02 08:12:00+00:00', 5, 6, 9.0, 25.75, 231.75);
INSERT INTO invoice_line_item (id, created_at, invoice_id, product_id, quantity, unit_price, extended_price) VALUES (8, '2026-02-02 08:13:00+00:00', 5, 16, 9.0, 30.75, 276.75);
INSERT INTO invoice_line_item (id, created_at, invoice_id, product_id, quantity, unit_price, extended_price) VALUES (9, '2026-02-02 08:14:00+00:00', 5, 22, 1.0, 150.50, 150.50);
INSERT INTO invoice_line_item (id, created_at, invoice_id, product_id, quantity, unit_price, extended_price) VALUES (10, '2026-02-02 08:15:00+00:00', 5, 18, 2.0, 25.00, 50.00);
INSERT INTO invoice_line_item (id, created_at, invoice_id, product_id, quantity, unit_price, extended_price) VALUES (11, '2026-02-02 08:16:00+00:00', 6, 14, 3.0, 30.50, 91.50);
INSERT INTO invoice_line_item (id, created_at, invoice_id, product_id, quantity, unit_price, extended_price) VALUES (12, '2026-02-02 08:17:00+00:00', 6, 7, 15.0, 15.00, 225.00);
INSERT INTO invoice_line_item (id, created_at, invoice_id, product_id, quantity, unit_price, extended_price) VALUES (13, '2026-02-02 08:18:00+00:00', 6, 13, 5.0, 30.00, 150.00);
INSERT INTO invoice_line_item (id, created_at, invoice_id, product_id, quantity, unit_price, extended_price) VALUES (14, '2026-02-02 08:19:00+00:00', 6, 17, 20.25, 90.50, 1832.63);
INSERT INTO invoice_line_item (id, created_at, invoice_id, product_id, quantity, unit_price, extended_price) VALUES (15, '2026-02-02 08:20:00+00:00', 7, 20, 20.75, 30.75, 638.06);
INSERT INTO invoice_line_item (id, created_at, invoice_id, product_id, quantity, unit_price, extended_price) VALUES (16, '2026-02-02 08:21:00+00:00', 7, 10, 1.0, 75.00, 75.00);
INSERT INTO invoice_line_item (id, created_at, invoice_id, product_id, quantity, unit_price, extended_price) VALUES (17, '2026-02-02 08:22:00+00:00', 7, 8, 8.5, 60.00, 510.00);
INSERT INTO invoice_line_item (id, created_at, invoice_id, product_id, quantity, unit_price, extended_price) VALUES (18, '2026-02-02 08:23:00+00:00', 7, 15, 20.0, 75.00, 1500.00);
INSERT INTO invoice_line_item (id, created_at, invoice_id, product_id, quantity, unit_price, extended_price) VALUES (19, '2026-02-02 08:24:00+00:00', 8, 6, 20.0, 25.75, 515.00);
INSERT INTO invoice_line_item (id, created_at, invoice_id, product_id, quantity, unit_price, extended_price) VALUES (20, '2026-02-02 08:25:00+00:00', 8, 23, 3.5, 75.00, 262.50);
INSERT INTO invoice_line_item (id, created_at, invoice_id, product_id, quantity, unit_price, extended_price) VALUES (21, '2026-02-02 08:26:00+00:00', 8, 19, 9.75, 90.00, 877.50);
INSERT INTO invoice_line_item (id, created_at, invoice_id, product_id, quantity, unit_price, extended_price) VALUES (22, '2026-02-02 08:27:00+00:00', 8, 22, 10.0, 150.50, 1505.00);
INSERT INTO invoice_line_item (id, created_at, invoice_id, product_id, quantity, unit_price, extended_price) VALUES (23, '2026-02-02 08:28:00+00:00', 9, 10, 8.0, 75.00, 600.00);
INSERT INTO invoice_line_item (id, created_at, invoice_id, product_id, quantity, unit_price, extended_price) VALUES (24, '2026-02-02 08:29:00+00:00', 9, 13, 8.25, 30.00, 247.50);
INSERT INTO invoice_line_item (id, created_at, invoice_id, product_id, quantity, unit_price, extended_price) VALUES (25, '2026-02-02 08:30:00+00:00', 9, 16, 2.0, 30.75, 61.50);
INSERT INTO invoice_line_item (id, created_at, invoice_id, product_id, quantity, unit_price, extended_price) VALUES (26, '2026-02-02 08:31:00+00:00', 9, 15, 10.0, 75.00, 750.00);
INSERT INTO invoice_line_item (id, created_at, invoice_id, product_id, quantity, unit_price, extended_price) VALUES (27, '2026-02-02 08:32:00+00:00', 10, 6, 4.25, 25.75, 109.44);
INSERT INTO invoice_line_item (id, created_at, invoice_id, product_id, quantity, unit_price, extended_price) VALUES (28, '2026-02-02 08:33:00+00:00', 10, 5, 6.25, 60.25, 376.56);
INSERT INTO invoice_line_item (id, created_at, invoice_id, product_id, quantity, unit_price, extended_price) VALUES (29, '2026-02-02 08:34:00+00:00', 11, 21, 15.0, 300.50, 4507.50);
INSERT INTO invoice_line_item (id, created_at, invoice_id, product_id, quantity, unit_price, extended_price) VALUES (30, '2026-02-02 08:35:00+00:00', 11, 8, 10.0, 60.00, 600.00);
INSERT INTO invoice_line_item (id, created_at, invoice_id, product_id, quantity, unit_price, extended_price) VALUES (31, '2026-02-02 08:36:00+00:00', 12, 10, 12.0, 75.00, 900.00);
INSERT INTO invoice_line_item (id, created_at, invoice_id, product_id, quantity, unit_price, extended_price) VALUES (32, '2026-02-02 08:37:00+00:00', 12, 7, 7.0, 15.00, 105.00);
INSERT INTO invoice_line_item (id, created_at, invoice_id, product_id, quantity, unit_price, extended_price) VALUES (33, '2026-02-02 08:38:00+00:00', 12, 22, 15.75, 150.50, 2370.38);
INSERT INTO invoice_line_item (id, created_at, invoice_id, product_id, quantity, unit_price, extended_price) VALUES (34, '2026-02-02 08:39:00+00:00', 13, 16, 20.0, 30.75, 615.00);
INSERT INTO invoice_line_item (id, created_at, invoice_id, product_id, quantity, unit_price, extended_price) VALUES (35, '2026-02-02 08:40:00+00:00', 13, 14, 4.75, 30.50, 144.88);
INSERT INTO invoice_line_item (id, created_at, invoice_id, product_id, quantity, unit_price, extended_price) VALUES (36, '2026-02-02 08:41:00+00:00', 14, 9, 4.0, 250.25, 1001.00);
INSERT INTO invoice_line_item (id, created_at, invoice_id, product_id, quantity, unit_price, extended_price) VALUES (37, '2026-02-02 08:42:00+00:00', 14, 12, 2.0, 35.25, 70.50);
INSERT INTO invoice_line_item (id, created_at, invoice_id, product_id, quantity, unit_price, extended_price) VALUES (38, '2026-02-02 08:43:00+00:00', 14, 18, 9.75, 25.00, 243.75);
INSERT INTO invoice_line_item (id, created_at, invoice_id, product_id, quantity, unit_price, extended_price) VALUES (39, '2026-02-02 08:44:00+00:00', 15, 11, 7.0, 250.50, 1753.50);
INSERT INTO invoice_line_item (id, created_at, invoice_id, product_id, quantity, unit_price, extended_price) VALUES (40, '2026-02-02 08:45:00+00:00', 15, 9, 4.0, 250.25, 1001.00);
INSERT INTO invoice_line_item (id, created_at, invoice_id, product_id, quantity, unit_price, extended_price) VALUES (41, '2026-02-02 08:46:00+00:00', 16, 16, 7.0, 30.75, 215.25);
INSERT INTO invoice_line_item (id, created_at, invoice_id, product_id, quantity, unit_price, extended_price) VALUES (42, '2026-02-02 08:47:00+00:00', 16, 4, 20.0, 15.50, 310.00);
INSERT INTO invoice_line_item (id, created_at, invoice_id, product_id, quantity, unit_price, extended_price) VALUES (43, '2026-02-02 08:48:00+00:00', 17, 21, 5.0, 300.50, 1502.50);
INSERT INTO invoice_line_item (id, created_at, invoice_id, product_id, quantity, unit_price, extended_price) VALUES (44, '2026-02-02 08:49:00+00:00', 17, 19, 1.0, 90.00, 90.00);
INSERT INTO invoice_line_item (id, created_at, invoice_id, product_id, quantity, unit_price, extended_price) VALUES (45, '2026-02-02 08:50:00+00:00', 17, 8, 9.5, 60.00, 570.00);
INSERT INTO invoice_line_item (id, created_at, invoice_id, product_id, quantity, unit_price, extended_price) VALUES (46, '2026-02-02 08:51:00+00:00', 17, 10, 1.5, 75.00, 112.50);
INSERT INTO invoice_line_item (id, created_at, invoice_id, product_id, quantity, unit_price, extended_price) VALUES (47, '2026-02-02 08:52:00+00:00', 18, 5, 2.0, 60.25, 120.50);
INSERT INTO invoice_line_item (id, created_at, invoice_id, product_id, quantity, unit_price, extended_price) VALUES (48, '2026-02-02 08:53:00+00:00', 18, 20, 2.0, 30.75, 61.50);
INSERT INTO invoice_line_item (id, created_at, invoice_id, product_id, quantity, unit_price, extended_price) VALUES (49, '2026-02-02 08:54:00+00:00', 19, 7, 10.0, 15.00, 150.00);
INSERT INTO invoice_line_item (id, created_at, invoice_id, product_id, quantity, unit_price, extended_price) VALUES (50, '2026-02-02 08:55:00+00:00', 19, 22, 10.75, 150.50, 1617.88);
INSERT INTO invoice_line_item (id, created_at, invoice_id, product_id, quantity, unit_price, extended_price) VALUES (51, '2026-02-02 08:56:00+00:00', 19, 11, 10.0, 250.50, 2505.00);
INSERT INTO invoice_line_item (id, created_at, invoice_id, product_id, quantity, unit_price, extended_price) VALUES (52, '2026-02-02 08:57:00+00:00', 20, 14, 5.0, 30.50, 152.50);
INSERT INTO invoice_line_item (id, created_at, invoice_id, product_id, quantity, unit_price, extended_price) VALUES (53, '2026-02-02 08:58:00+00:00', 20, 11, 12.0, 250.50, 3006.00);
INSERT INTO invoice_line_item (id, created_at, invoice_id, product_id, quantity, unit_price, extended_price) VALUES (54, '2026-02-02 08:59:00+00:00', 21, 4, 10.0, 15.50, 155.00);
INSERT INTO invoice_line_item (id, created_at, invoice_id, product_id, quantity, unit_price, extended_price) VALUES (55, '2026-02-02 09:00:00+00:00', 21, 18, 2.25, 25.00, 56.25);
INSERT INTO invoice_line_item (id, created_at, invoice_id, product_id, quantity, unit_price, extended_price) VALUES (56, '2026-02-02 09:01:00+00:00', 22, 15, 4.0, 75.00, 300.00);
INSERT INTO invoice_line_item (id, created_at, invoice_id, product_id, quantity, unit_price, extended_price) VALUES (57, '2026-02-02 09:02:00+00:00', 22, 6, 3.0, 25.75, 77.25);
INSERT INTO invoice_line_item (id, created_at, invoice_id, product_id, quantity, unit_price, extended_price) VALUES (58, '2026-02-02 09:03:00+00:00', 23, 20, 12.25, 30.75, 376.69);
INSERT INTO invoice_line_item (id, created_at, invoice_id, product_id, quantity, unit_price, extended_price) VALUES (59, '2026-02-02 09:04:00+00:00', 23, 4, 5.25, 15.50, 81.38);
INSERT INTO invoice_line_item (id, created_at, invoice_id, product_id, quantity, unit_price, extended_price) VALUES (60, '2026-02-02 09:05:00+00:00', 23, 21, 15.0, 300.50, 4507.50);
INSERT INTO invoice_line_item (id, created_at, invoice_id, product_id, quantity, unit_price, extended_price) VALUES (61, '2026-02-02 09:06:00+00:00', 23, 13, 5.0, 30.00, 150.00);
INSERT INTO invoice_line_item (id, created_at, invoice_id, product_id, quantity, unit_price, extended_price) VALUES (62, '2026-02-02 09:07:00+00:00', 24, 12, 8.0, 35.25, 282.00);
INSERT INTO invoice_line_item (id, created_at, invoice_id, product_id, quantity, unit_price, extended_price) VALUES (63, '2026-02-02 09:08:00+00:00', 24, 20, 1.5, 30.75, 46.13);
INSERT INTO invoice_line_item (id, created_at, invoice_id, product_id, quantity, unit_price, extended_price) VALUES (64, '2026-02-02 09:09:00+00:00', 25, 4, 20.5, 15.50, 317.75);
INSERT INTO invoice_line_item (id, created_at, invoice_id, product_id, quantity, unit_price, extended_price) VALUES (65, '2026-02-02 09:10:00+00:00', 25, 14, 3.0, 30.50, 91.50);
INSERT INTO invoice_line_item (id, created_at, invoice_id, product_id, quantity, unit_price, extended_price) VALUES (66, '2026-02-02 09:11:00+00:00', 26, 4, 9.5, 15.50, 147.25);
INSERT INTO invoice_line_item (id, created_at, invoice_id, product_id, quantity, unit_price, extended_price) VALUES (67, '2026-02-02 09:12:00+00:00', 26, 7, 10.0, 15.00, 150.00);
INSERT INTO invoice_line_item (id, created_at, invoice_id, product_id, quantity, unit_price, extended_price) VALUES (68, '2026-02-02 09:13:00+00:00', 26, 6, 7.5, 25.75, 193.13);
INSERT INTO invoice_line_item (id, created_at, invoice_id, product_id, quantity, unit_price, extended_price) VALUES (69, '2026-02-02 09:14:00+00:00', 26, 8, 6.0, 60.00, 360.00);
INSERT INTO invoice_line_item (id, created_at, invoice_id, product_id, quantity, unit_price, extended_price) VALUES (70, '2026-02-02 09:15:00+00:00', 27, 10, 6.0, 75.00, 450.00);
INSERT INTO invoice_line_item (id, created_at, invoice_id, product_id, quantity, unit_price, extended_price) VALUES (71, '2026-02-02 09:16:00+00:00', 27, 11, 7.0, 250.50, 1753.50);
INSERT INTO invoice_line_item (id, created_at, invoice_id, product_id, quantity, unit_price, extended_price) VALUES (72, '2026-02-02 09:17:00+00:00', 27, 7, 15.25, 15.00, 228.75);
INSERT INTO invoice_line_item (id, created_at, invoice_id, product_id, quantity, unit_price, extended_price) VALUES (73, '2026-02-02 09:18:00+00:00', 28, 17, 3.0, 90.50, 271.50);
INSERT INTO invoice_line_item (id, created_at, invoice_id, product_id, quantity, unit_price, extended_price) VALUES (74, '2026-02-02 09:19:00+00:00', 28, 4, 6.0, 15.50, 93.00);
INSERT INTO invoice_line_item (id, created_at, invoice_id, product_id, quantity, unit_price, extended_price) VALUES (75, '2026-02-02 09:20:00+00:00', 29, 9, 1.0, 250.25, 250.25);
INSERT INTO invoice_line_item (id, created_at, invoice_id, product_id, quantity, unit_price, extended_price) VALUES (76, '2026-02-02 09:21:00+00:00', 29, 7, 4.5, 15.00, 67.50);
INSERT INTO invoice_line_item (id, created_at, invoice_id, product_id, quantity, unit_price, extended_price) VALUES (77, '2026-02-02 09:22:00+00:00', 29, 16, 6.0, 30.75, 184.50);
INSERT INTO invoice_line_item (id, created_at, invoice_id, product_id, quantity, unit_price, extended_price) VALUES (78, '2026-02-02 09:23:00+00:00', 30, 4, 7.0, 15.50, 108.50);
INSERT INTO invoice_line_item (id, created_at, invoice_id, product_id, quantity, unit_price, extended_price) VALUES (79, '2026-02-02 09:24:00+00:00', 30, 10, 2.0, 75.00, 150.00);
INSERT INTO invoice_line_item (id, created_at, invoice_id, product_id, quantity, unit_price, extended_price) VALUES (80, '2026-02-02 09:25:00+00:00', 31, 20, 1.5, 30.75, 46.13);
INSERT INTO invoice_line_item (id, created_at, invoice_id, product_id, quantity, unit_price, extended_price) VALUES (81, '2026-02-02 09:26:00+00:00', 31, 16, 3.0, 30.75, 92.25);
INSERT INTO invoice_line_item (id, created_at, invoice_id, product_id, quantity, unit_price, extended_price) VALUES (82, '2026-02-02 09:27:00+00:00', 31, 21, 5.75, 300.50, 1727.88);
INSERT INTO invoice_line_item (id, created_at, invoice_id, product_id, quantity, unit_price, extended_price) VALUES (83, '2026-02-02 09:28:00+00:00', 31, 14, 7.0, 30.50, 213.50);
INSERT INTO invoice_line_item (id, created_at, invoice_id, product_id, quantity, unit_price, extended_price) VALUES (84, '2026-02-02 09:29:00+00:00', 32, 23, 7.0, 75.00, 525.00);
INSERT INTO invoice_line_item (id, created_at, invoice_id, product_id, quantity, unit_price, extended_price) VALUES (85, '2026-02-02 09:30:00+00:00', 32, 20, 4.0, 30.75, 123.00);
INSERT INTO invoice_line_item (id, created_at, invoice_id, product_id, quantity, unit_price, extended_price) VALUES (86, '2026-02-02 09:31:00+00:00', 32, 7, 15.0, 15.00, 225.00);
INSERT INTO invoice_line_item (id, created_at, invoice_id, product_id, quantity, unit_price, extended_price) VALUES (87, '2026-02-02 09:32:00+00:00', 33, 10, 12.0, 75.00, 900.00);
INSERT INTO invoice_line_item (id, created_at, invoice_id, product_id, quantity, unit_price, extended_price) VALUES (88, '2026-02-02 09:33:00+00:00', 33, 15, 10.0, 75.00, 750.00);
INSERT INTO invoice_line_item (id, created_at, invoice_id, product_id, quantity, unit_price, extended_price) VALUES (89, '2026-02-02 09:34:00+00:00', 33, 17, 2.0, 90.50, 181.00);
INSERT INTO invoice_line_item (id, created_at, invoice_id, product_id, quantity, unit_price, extended_price) VALUES (90, '2026-02-02 09:35:00+00:00', 33, 6, 5.0, 25.75, 128.75);
INSERT INTO invoice_line_item (id, created_at, invoice_id, product_id, quantity, unit_price, extended_price) VALUES (91, '2026-02-02 09:36:00+00:00', 34, 16, 3.75, 30.75, 115.31);
INSERT INTO invoice_line_item (id, created_at, invoice_id, product_id, quantity, unit_price, extended_price) VALUES (92, '2026-02-02 09:37:00+00:00', 34, 13, 7.0, 30.00, 210.00);
INSERT INTO invoice_line_item (id, created_at, invoice_id, product_id, quantity, unit_price, extended_price) VALUES (93, '2026-02-02 09:38:00+00:00', 34, 21, 3.0, 300.50, 901.50);
INSERT INTO invoice_line_item (id, created_at, invoice_id, product_id, quantity, unit_price, extended_price) VALUES (94, '2026-02-02 09:39:00+00:00', 35, 4, 7.0, 15.50, 108.50);
INSERT INTO invoice_line_item (id, created_at, invoice_id, product_id, quantity, unit_price, extended_price) VALUES (95, '2026-02-02 09:40:00+00:00', 35, 13, 10.0, 30.00, 300.00);
INSERT INTO invoice_line_item (id, created_at, invoice_id, product_id, quantity, unit_price, extended_price) VALUES (96, '2026-02-02 09:41:00+00:00', 35, 22, 8.0, 150.50, 1204.00);
INSERT INTO invoice_line_item (id, created_at, invoice_id, product_id, quantity, unit_price, extended_price) VALUES (97, '2026-02-02 09:42:00+00:00', 35, 10, 12.0, 75.00, 900.00);
INSERT INTO invoice_line_item (id, created_at, invoice_id, product_id, quantity, unit_price, extended_price) VALUES (98, '2026-02-02 09:43:00+00:00', 36, 6, 2.0, 25.75, 51.50);
INSERT INTO invoice_line_item (id, created_at, invoice_id, product_id, quantity, unit_price, extended_price) VALUES (99, '2026-02-02 09:44:00+00:00', 36, 13, 20.0, 30.00, 600.00);
INSERT INTO invoice_line_item (id, created_at, invoice_id, product_id, quantity, unit_price, extended_price) VALUES (100, '2026-02-02 09:45:00+00:00', 36, 20, 5.0, 30.75, 153.75);
INSERT INTO invoice_line_item (id, created_at, invoice_id, product_id, quantity, unit_price, extended_price) VALUES (101, '2026-02-02 09:46:00+00:00', 36, 14, 4.25, 30.50, 129.63);
INSERT INTO invoice_line_item (id, created_at, invoice_id, product_id, quantity, unit_price, extended_price) VALUES (102, '2026-02-02 09:47:00+00:00', 37, 6, 15.0, 25.75, 386.25);
INSERT INTO invoice_line_item (id, created_at, invoice_id, product_id, quantity, unit_price, extended_price) VALUES (103, '2026-02-02 09:48:00+00:00', 37, 18, 8.0, 25.00, 200.00);
INSERT INTO invoice_line_item (id, created_at, invoice_id, product_id, quantity, unit_price, extended_price) VALUES (104, '2026-02-02 09:49:00+00:00', 37, 17, 3.0, 90.50, 271.50);
INSERT INTO invoice_line_item (id, created_at, invoice_id, product_id, quantity, unit_price, extended_price) VALUES (105, '2026-02-02 09:50:00+00:00', 37, 10, 1.0, 75.00, 75.00);
INSERT INTO invoice_line_item (id, created_at, invoice_id, product_id, quantity, unit_price, extended_price) VALUES (106, '2026-02-02 09:51:00+00:00', 38, 11, 8.25, 250.50, 2066.63);
INSERT INTO invoice_line_item (id, created_at, invoice_id, product_id, quantity, unit_price, extended_price) VALUES (107, '2026-02-02 09:52:00+00:00', 38, 9, 2.0, 250.25, 500.50);
INSERT INTO invoice_line_item (id, created_at, invoice_id, product_id, quantity, unit_price, extended_price) VALUES (108, '2026-02-02 09:53:00+00:00', 38, 20, 20.0, 30.75, 615.00);
INSERT INTO invoice_line_item (id, created_at, invoice_id, product_id, quantity, unit_price, extended_price) VALUES (109, '2026-02-02 09:54:00+00:00', 39, 14, 9.0, 30.50, 274.50);
INSERT INTO invoice_line_item (id, created_at, invoice_id, product_id, quantity, unit_price, extended_price) VALUES (110, '2026-02-02 09:55:00+00:00', 39, 18, 3.0, 25.00, 75.00);
INSERT INTO invoice_line_item (id, created_at, invoice_id, product_id, quantity, unit_price, extended_price) VALUES (111, '2026-02-02 09:56:00+00:00', 39, 20, 8.0, 30.75, 246.00);
INSERT INTO invoice_line_item (id, created_at, invoice_id, product_id, quantity, unit_price, extended_price) VALUES (112, '2026-02-02 09:57:00+00:00', 39, 17, 20.0, 90.50, 1810.00);
INSERT INTO invoice_line_item (id, created_at, invoice_id, product_id, quantity, unit_price, extended_price) VALUES (113, '2026-02-02 09:58:00+00:00', 40, 19, 2.0, 90.00, 180.00);
INSERT INTO invoice_line_item (id, created_at, invoice_id, product_id, quantity, unit_price, extended_price) VALUES (114, '2026-02-02 09:59:00+00:00', 40, 11, 4.0, 250.50, 1002.00);
INSERT INTO invoice_line_item (id, created_at, invoice_id, product_id, quantity, unit_price, extended_price) VALUES (115, '2026-02-02 10:00:00+00:00', 40, 12, 6.0, 35.25, 211.50);
INSERT INTO invoice_line_item (id, created_at, invoice_id, product_id, quantity, unit_price, extended_price) VALUES (116, '2026-02-02 10:01:00+00:00', 40, 18, 2.25, 25.00, 56.25);
INSERT INTO invoice_line_item (id, created_at, invoice_id, product_id, quantity, unit_price, extended_price) VALUES (117, '2026-02-02 10:02:00+00:00', 41, 10, 6.0, 75.00, 450.00);
INSERT INTO invoice_line_item (id, created_at, invoice_id, product_id, quantity, unit_price, extended_price) VALUES (118, '2026-02-02 10:03:00+00:00', 41, 6, 7.5, 25.75, 193.13);
INSERT INTO invoice_line_item (id, created_at, invoice_id, product_id, quantity, unit_price, extended_price) VALUES (119, '2026-02-02 10:04:00+00:00', 41, 17, 7.0, 90.50, 633.50);
INSERT INTO invoice_line_item (id, created_at, invoice_id, product_id, quantity, unit_price, extended_price) VALUES (120, '2026-02-02 10:05:00+00:00', 41, 21, 10.0, 300.50, 3005.00);
INSERT INTO invoice_line_item (id, created_at, invoice_id, product_id, quantity, unit_price, extended_price) VALUES (121, '2026-02-02 10:06:00+00:00', 42, 19, 5.0, 90.00, 450.00);
INSERT INTO invoice_line_item (id, created_at, invoice_id, product_id, quantity, unit_price, extended_price) VALUES (122, '2026-02-02 10:07:00+00:00', 42, 4, 7.0, 15.50, 108.50);
INSERT INTO invoice_line_item (id, created_at, invoice_id, product_id, quantity, unit_price, extended_price) VALUES (123, '2026-02-02 10:08:00+00:00', 42, 15, 15.0, 75.00, 1125.00);
INSERT INTO invoice_line_item (id, created_at, invoice_id, product_id, quantity, unit_price, extended_price) VALUES (124, '2026-02-02 10:09:00+00:00', 43, 11, 8.5, 250.50, 2129.25);
INSERT INTO invoice_line_item (id, created_at, invoice_id, product_id, quantity, unit_price, extended_price) VALUES (125, '2026-02-02 10:10:00+00:00', 43, 12, 12.0, 35.25, 423.00);
INSERT INTO invoice_line_item (id, created_at, invoice_id, product_id, quantity, unit_price, extended_price) VALUES (126, '2026-02-02 10:11:00+00:00', 43, 17, 7.0, 90.50, 633.50);
INSERT INTO invoice_line_item (id, created_at, invoice_id, product_id, quantity, unit_price, extended_price) VALUES (127, '2026-02-02 10:12:00+00:00', 44, 23, 1.0, 75.00, 75.00);
INSERT INTO invoice_line_item (id, created_at, invoice_id, product_id, quantity, unit_price, extended_price) VALUES (128, '2026-02-02 10:13:00+00:00', 44, 21, 10.0, 300.50, 3005.00);
INSERT INTO invoice_line_item (id, created_at, invoice_id, product_id, quantity, unit_price, extended_price) VALUES (129, '2026-02-02 10:14:00+00:00', 45, 17, 1.0, 90.50, 90.50);
INSERT INTO invoice_line_item (id, created_at, invoice_id, product_id, quantity, unit_price, extended_price) VALUES (130, '2026-02-02 10:15:00+00:00', 45, 8, 6.0, 60.00, 360.00);
INSERT INTO invoice_line_item (id, created_at, invoice_id, product_id, quantity, unit_price, extended_price) VALUES (131, '2026-02-02 10:16:00+00:00', 45, 18, 6.0, 25.00, 150.00);
INSERT INTO invoice_line_item (id, created_at, invoice_id, product_id, quantity, unit_price, extended_price) VALUES (132, '2026-02-02 10:17:00+00:00', 45, 9, 7.0, 250.25, 1751.75);
INSERT INTO invoice_line_item (id, created_at, invoice_id, product_id, quantity, unit_price, extended_price) VALUES (133, '2026-02-02 10:18:00+00:00', 46, 6, 15.0, 25.75, 386.25);
INSERT INTO invoice_line_item (id, created_at, invoice_id, product_id, quantity, unit_price, extended_price) VALUES (134, '2026-02-02 10:19:00+00:00', 46, 19, 6.0, 90.00, 540.00);
INSERT INTO invoice_line_item (id, created_at, invoice_id, product_id, quantity, unit_price, extended_price) VALUES (135, '2026-02-02 10:20:00+00:00', 46, 4, 2.0, 15.50, 31.00);
INSERT INTO invoice_line_item (id, created_at, invoice_id, product_id, quantity, unit_price, extended_price) VALUES (136, '2026-02-02 10:21:00+00:00', 47, 11, 1.0, 250.50, 250.50);
INSERT INTO invoice_line_item (id, created_at, invoice_id, product_id, quantity, unit_price, extended_price) VALUES (137, '2026-02-02 10:22:00+00:00', 47, 10, 4.75, 75.00, 356.25);
INSERT INTO invoice_line_item (id, created_at, invoice_id, product_id, quantity, unit_price, extended_price) VALUES (138, '2026-02-02 10:23:00+00:00', 48, 18, 20.0, 25.00, 500.00);
INSERT INTO invoice_line_item (id, created_at, invoice_id, product_id, quantity, unit_price, extended_price) VALUES (139, '2026-02-02 10:24:00+00:00', 48, 12, 10.0, 35.25, 352.50);
INSERT INTO invoice_line_item (id, created_at, invoice_id, product_id, quantity, unit_price, extended_price) VALUES (140, '2026-02-02 10:25:00+00:00', 49, 13, 10.5, 30.00, 315.00);
INSERT INTO invoice_line_item (id, created_at, invoice_id, product_id, quantity, unit_price, extended_price) VALUES (141, '2026-02-02 10:26:00+00:00', 49, 7, 10.0, 15.00, 150.00);
INSERT INTO invoice_line_item (id, created_at, invoice_id, product_id, quantity, unit_price, extended_price) VALUES (142, '2026-02-02 10:27:00+00:00', 50, 10, 15.0, 75.00, 1125.00);
INSERT INTO invoice_line_item (id, created_at, invoice_id, product_id, quantity, unit_price, extended_price) VALUES (143, '2026-02-02 10:28:00+00:00', 50, 6, 12.0, 25.75, 309.00);
INSERT INTO invoice_line_item (id, created_at, invoice_id, product_id, quantity, unit_price, extended_price) VALUES (144, '2026-02-02 10:29:00+00:00', 50, 11, 2.0, 250.50, 501.00);
INSERT INTO invoice_line_item (id, created_at, invoice_id, product_id, quantity, unit_price, extended_price) VALUES (145, '2026-02-02 10:30:00+00:00', 50, 7, 10.0, 15.00, 150.00);
INSERT INTO invoice_line_item (id, created_at, invoice_id, product_id, quantity, unit_price, extended_price) VALUES (146, '2026-02-02 10:31:00+00:00', 51, 15, 12.0, 75.00, 900.00);
INSERT INTO invoice_line_item (id, created_at, invoice_id, product_id, quantity, unit_price, extended_price) VALUES (147, '2026-02-02 10:32:00+00:00', 51, 6, 7.0, 25.75, 180.25);
INSERT INTO invoice_line_item (id, created_at, invoice_id, product_id, quantity, unit_price, extended_price) VALUES (148, '2026-02-02 10:33:00+00:00', 51, 20, 2.0, 30.75, 61.50);
INSERT INTO invoice_line_item (id, created_at, invoice_id, product_id, quantity, unit_price, extended_price) VALUES (149, '2026-02-02 10:34:00+00:00', 52, 8, 12.0, 60.00, 720.00);
INSERT INTO invoice_line_item (id, created_at, invoice_id, product_id, quantity, unit_price, extended_price) VALUES (150, '2026-02-02 10:35:00+00:00', 52, 17, 20.0, 90.50, 1810.00);
INSERT INTO invoice_line_item (id, created_at, invoice_id, product_id, quantity, unit_price, extended_price) VALUES (151, '2026-02-02 10:36:00+00:00', 52, 9, 20.0, 250.25, 5005.00);
INSERT INTO invoice_line_item (id, created_at, invoice_id, product_id, quantity, unit_price, extended_price) VALUES (152, '2026-02-02 10:37:00+00:00', 52, 20, 7.0, 30.75, 215.25);

-- update sequences to max id (crutial when inserting explicit IDs)
SELECT setval(pg_get_serial_sequence('country', 'id'), coalesce(max(id),0) + 1, false) FROM country;
SELECT setval(pg_get_serial_sequence('units', 'id'), coalesce(max(id),0) + 1, false) FROM units;
SELECT setval(pg_get_serial_sequence('customer', 'id'), coalesce(max(id),0) + 1, false) FROM customer;
SELECT setval(pg_get_serial_sequence('product', 'id'), coalesce(max(id),0) + 1, false) FROM product;
SELECT setval(pg_get_serial_sequence('invoice', 'id'), coalesce(max(id),0) + 1, false) FROM invoice;
SELECT setval(pg_get_serial_sequence('invoice_line_item', 'id'), coalesce(max(id),0) + 1, false) FROM invoice_line_item;